HAUL,ARRIVAL_REGION,TIME_OF_DAY,flights,avg_capacity,TIER1_ASSUMPTION,TIER2_ASSUMPTION,TIER3_ASSUMPTION
LONG,Asia,Afternoon,152,291.92763157894734,0.2,3.0,11.4
LONG,Asia,Evening,206,289.5533980582524,0.2,2.9,11.1
LONG,Asia,Lunchtime,75,289.0133333333333,0.2,2.7,10.6
LONG,Asia,Morning,246,291.2926829268293,0.2,2.8,10.7
LONG,Middle East,Afternoon,159,296.17610062893084,0.2,2.7,10.5
LONG,Middle East,Evening,201,292.318407960199,0.2,2.8,10.7
LONG,Middle East,Lunchtime,79,284.6835443037975,0.2,2.9,11.1
LONG,Middle East,Morning,249,290.3975903614458,0.2,3.0,11.2
LONG,North America,Afternoon,628,291.8328025477707,0.2,3.0,11.3
LONG,North America,Evening,783,292.16347381864625,0.2,2.9,11.0
LONG,North America,Lunchtime,281,291.5871886120996,0.2,2.9,11.1
LONG,North America,Morning,966,292.5424430641822,0.2,3.0,11.4
SHORT,Europe,Afternoon,1366,180.0,0.3,4.3,16.6
SHORT,Europe,Evening,1783,180.0,0.3,4.5,17.0
SHORT,Europe,Lunchtime,757,180.0,0.4,4.5,17.3
SHORT,Europe,Morning,2069,180.0,0.3,4.4,16.7
