FLIGHT_DATE,FLIGHT_TIME,TIME_OF_DAY,AIRLINE_CD,FLIGHT_NO,DEPARTURE_STATION_CD,ARRIVAL_STATION_CD,ARRIVAL_COUNTRY,ARRIVAL_REGION,HAUL,AIRCRAFT_TYPE,FIRST_CLASS_SEATS,BUSINESS_CLASS_SEATS,ECONOMY_SEATS,TIER1_ELIGIBLE_PAX,TIER2_ELIGIBLE_PAX,TIER3_ELIGIBLE_PAX,TOTAL_SEATS,TIER1_OBS_RATE,TIER2_OBS_RATE,TIER3_OBS_RATE,TIER1_ASSUMPTION,TIER2_ASSUMPTION,TIER3_ASSUMPTION,EST_TIER1_PAX,EST_TIER2_PAX,EST_TIER3_PAX
2025-04-01,14:20:00,Afternoon,BA,BA3477,LHR,HND,Japan,Asia,LONG,B777,8,49,178,2,10,36,235,0.00851063829787234,0.0425531914893617,0.15319148936170213,0.2,3.0,11.4,0,7,27
2025-04-02,22:39:00,Evening,BA,BA9719,LHR,HND,Japan,Asia,LONG,B787,0,31,173,3,7,29,204,0.014705882352941176,0.03431372549019608,0.14215686274509803,0.2,2.9,11.1,0,6,23
2025-04-02,13:18:00,Lunchtime,BA,BA3325,LHR,HND,Japan,Asia,LONG,B777,0,32,300,0,1,10,332,0.0,0.0030120481927710845,0.030120481927710843,0.2,2.7,10.6,1,9,35
2025-04-01,11:22:00,Morning,BA,BA4641,LHR,HND,Japan,Asia,LONG,A350,0,56,275,1,16,54,331,0.0030211480362537764,0.04833836858006042,0.16314199395770393,0.2,2.8,10.7,1,9,35
2025-04-01,17:18:00,Afternoon,BA,BA8090,LHR,DXB,UAE,Middle East,LONG,A350,0,56,275,0,12,42,331,0.0,0.03625377643504532,0.1268882175226586,0.2,2.7,10.5,1,9,35
2025-04-01,20:51:00,Evening,BA,BA5988,LHR,DXB,UAE,Middle East,LONG,B787,8,48,200,1,4,20,256,0.00390625,0.015625,0.078125,0.2,2.8,10.7,1,7,27
2025-04-01,13:55:00,Lunchtime,BA,BA7341,LHR,DXB,UAE,Middle East,LONG,B787,8,42,166,1,11,40,216,0.004629629629629629,0.05092592592592592,0.18518518518518517,0.2,2.9,11.1,0,6,24
2025-04-01,10:20:00,Morning,BA,BA2222,LHR,DXB,UAE,Middle East,LONG,B777,8,49,178,1,11,39,235,0.00425531914893617,0.04680851063829787,0.16595744680851063,0.2,3.0,11.2,0,7,26
2025-04-01,14:47:00,Afternoon,BA,BA2864,LHR,JFK,USA,North America,LONG,B777,8,49,178,0,15,50,235,0.0,0.06382978723404255,0.2127659574468085,0.2,3.0,11.3,0,7,27
2025-04-01,19:32:00,Evening,BA,BA5947,LHR,JFK,USA,North America,LONG,B787,0,31,173,1,11,38,204,0.004901960784313725,0.05392156862745098,0.18627450980392157,0.2,2.9,11.0,0,6,22
2025-04-01,12:21:00,Lunchtime,BA,BA5015,LHR,DFW,USA,North America,LONG,B787,8,42,166,2,5,22,216,0.009259259259259259,0.023148148148148147,0.10185185185185185,0.2,2.9,11.1,0,6,24
2025-04-01,10:59:00,Morning,BA,BA2599,LHR,JFK,USA,North America,LONG,B777,8,49,178,0,10,36,235,0.0,0.0425531914893617,0.15319148936170213,0.2,3.0,11.4,0,7,27
2025-04-01,15:16:00,Afternoon,BA,BA4039,LHR,ZRH,Switzerland,Europe,SHORT,A320,0,0,180,1,9,34,180,0.005555555555555556,0.05,0.18888888888888888,0.3,4.3,16.6,1,8,30
2025-04-01,22:38:00,Evening,BA,BA4434,LHR,CDG,France,Europe,SHORT,A320,0,15,165,0,11,40,180,0.0,0.06111111111111111,0.2222222222222222,0.3,4.5,17.0,1,8,31
2025-04-01,12:45:00,Lunchtime,BA,BA2551,LHR,CDG,France,Europe,SHORT,A320,0,5,175,0,0,0,180,0.0,0.0,0.0,0.4,4.5,17.3,1,8,31
2025-04-01,08:24:00,Morning,BA,BA1748,LHR,CDG,France,Europe,SHORT,A320,0,16,164,0,4,21,180,0.0,0.022222222222222223,0.11666666666666667,0.3,4.4,16.7,1,8,30
